{"nextId":3,"logins":[{"id":2,"hostname":"http://calendar:3000","httpRealm":"Radicale - Password Required","formSubmitURL":null,"usernameField":"","passwordField":"","encryptedUsername":"MDIEEPgAAAAAAAAAAAAAAAAAAAEwFAYIKoZIhvcNAwcECPAfMIrbRbDDBAiEaB/Ff9KJcw==","encryptedPassword":"MDoEEPgAAAAAAAAAAAAAAAAAAAEwFAYIKoZIhvcNAwcECBU2xrvqgAiXBBAuY5LAsY4DzzgJhv0n6YOW","guid":"{14226ba9-d91a-4b8c-b0ee-690e00ce16c8}","encType":1,"timeCreated":1654782646376,"timeLastUsed":1654782646376,"timePasswordChanged":1654782646376,"timesUsed":1},{"id":3,"hostname":"http://devcalendar:4000","httpRealm":"Radicale - Password Required","formSubmitURL":null,"usernameField":"","passwordField":"","encryptedUsername":"MDIEEPgAAAAAAAAAAAAAAAAAAAEwFAYIKoZIhvcNAwcECPAfMIrbRbDDBAiEaB/Ff9KJcw==","encryptedPassword":"MDoEEPgAAAAAAAAAAAAAAAAAAAEwFAYIKoZIhvcNAwcECBU2xrvqgAiXBBAuY5LAsY4DzzgJhv0n6YOW","guid":"{14226ba9-d91a-4b8c-b0ee-690e00ce1337}","encType":1,"timeCreated":1654782646376,"timeLastUsed":1654782646376,"timePasswordChanged":1654782646376,"timesUsed":1}],"potentiallyVulnerablePasswords":[],"dismissedBreachAlertsByLoginGUID":{},"version":3}