{"chrome://messenger/content/messenger.xhtml":{"mail-toolbar-menubar2":{"autohide":"true"},"qfb-boolean-mode":{"value":"OR"},"selectCol":{"ordinal":"1"},"threadCol":{"ordinal":"3"},"flaggedCol":{"ordinal":"5"},"attachmentCol":{"ordinal":"7"},"subjectCol":{"ordinal":"15"},"unreadButtonColHeader":{"ordinal":"9"},"senderCol":{"ordinal":"17"},"recipientCol":{"ordinal":"19"},"correspondentCol":{"ordinal":"21"},"junkStatusCol":{"ordinal":"11"},"receivedCol":{"ordinal":"23"},"dateCol":{"ordinal":"25"},"statusCol":{"ordinal":"27"},"sizeCol":{"ordinal":"29"},"tagsCol":{"ordinal":"31"},"accountCol":{"ordinal":"33"},"priorityCol":{"ordinal":"35"},"unreadCol":{"ordinal":"37"},"totalCol":{"ordinal":"39"},"locationCol":{"ordinal":"41"},"idCol":{"ordinal":"43"},"deleteCol":{"ordinal":"13"},"task-tree-filtergroup":{"value":"throughcurrent"},"unifinder-search-results-tree-col-title":{"ordinal":"1"},"unifinder-search-results-tree-col-startdate":{"ordinal":"3"},"unifinder-search-results-tree-col-enddate":{"ordinal":"5"},"unifinder-search-results-tree-col-categories":{"ordinal":"7"},"unifinder-search-results-tree-col-location":{"ordinal":"9"},"unifinder-search-results-tree-col-status":{"ordinal":"11"},"unifinder-search-results-tree-col-calendarname":{"ordinal":"13"},"messagepaneboxwrapper":{"collapsed":"true"},"messengerWindow":{"screenX":"26","screenY":"60","width":"2049","height":"1855","sizemode":"normal"},"today-none-box":{"collapsed":"true"},"today-minimonth-box":{"collapsed":"true"},"today-pane-panel":{"width":"200"},"calendar-task-tree":{"widths":"0 0 0 0 0 0 0 0 0 0 0 0","ordinals":"1 3 5 7 9 11 13 15 17 19 21 23"},"unifinder-todo-tree":{"widths":"0 0 0 0 0 0 0 0 0 0 0 0","ordinals":"1 1 1 1 1 1 1 1 1 1 1 1","filterValue":"throughcurrent"},"todo-tab-panel":{"collapsedinmodes":"task,chat,calendarEvent,calendarTask,mail"},"agenda-panel":{"collapsedinmodes":"calendar","collapsed":"true"},"tomorrow-header":{"checked":"true"},"nextweek-header":{"checked":"true"},"today-pane-splitter":{"hidden":"true"},"view-box":{"selectedIndex":"3"}},"chrome://calendar/content/calendar-creation.xhtml":{"calendar-creation-window":{"screenX":"26","screenY":"60"}},"chrome://calendar/content/calendar-event-dialog.xhtml":{"calendar-event-window":{"screenX":"26","screenY":"60","width":"607","height":"615"}}}